
use sushistar;

-- Popola la tabella Utente
INSERT INTO Utente (Nome, Cognome, Password, Email, Ruolo) VALUES
('Mario', 'Rossi', SHA2('password1', 512), 'mario.rossi@example.com', 'cliente'),
('Luigi', 'Bianchi', 'password2', 'luigi.bianchi@example.com', 'cliente'),
('Giulia', 'Verdi', 'password3', 'giulia.verdi@example.com', 'cliente'),
('Anna', 'Neri', 'password4', 'anna.neri@example.com', 'cliente'),
('Marco', 'Gialli', 'password5', 'marco.gialli@example.com', 'cliente'),
('Laura', 'Blu', 'password6', 'laura.blu@example.com', 'cliente'),
('Paolo', 'Arancio', 'password7', 'paolo.arancio@example.com', 'cliente'),
('Francesca', 'Viola', 'password8', 'francesca.viola@example.com', 'cliente'),
('Alessandro', 'Rosa', 'password9', 'alessandro.rosa@example.com', 'cliente'),
('Chiara', 'Marrone', 'password10', 'chiara.marrone@example.com', 'cliente'),
('Davide', 'Celeste', 'password11', 'davide.celeste@example.com', 'cliente'),
('Sara', 'Azzurro', 'password12', 'sara.azzurro@example.com', 'cliente'),
('Luca', 'Grigio', 'password13', 'luca.grigio@example.com', 'cliente'),
('Elena', 'Beige', 'password14', 'elena.beige@example.com', 'cliente'),
('Matteo', 'Oro', 'password15', 'matteo.oro@example.com', 'cliente'),
('Silvia', 'Argento', 'password16', 'silvia.argento@example.com', 'cliente'),
('Andrea', 'Bronzo', 'password17', 'andrea.bronzo@example.com', 'cliente'),
('Federica', 'Rame', 'password18', 'federica.rame@example.com', 'cliente'),
('Simone', 'Cobalto', 'password19', 'simone.cobalto@example.com', 'cliente'),
('Roberta', 'Zaffiro', 'password20', 'roberta.zaffiro@example.com', 'cliente');
INSERT INTO Utente (Nome, Cognome, Password, Email, Ruolo) VALUES('Admin','Admin', SHA2( 'admin',512), 'admin', 'admin');



-- Popola la tabella Delivery
INSERT INTO Delivery (IndirizzoConsegna) VALUES
('Via Roma, 1'),
('Via Milano, 2'),
('Via Napoli, 3'),
('Via Firenze, 4'),
('Via Torino, 5'),
('Via Genova, 6'),
('Via Bologna, 7'),
('Via Venezia, 8'),
('Via Palermo, 9'),
('Via Cagliari, 10'),
('Via Bari, 11'),
('Via Lecce, 12'),
('Via Verona, 13'),
('Via Perugia, 14'),
('Via Trento, 15'),
('Via Trieste, 16'),
('Via Bolzano, 17'),
('Via Udine, 18'),
('Via Ancona, 19'),
('Via Messina, 20');

-- Popola la tabella Takeaway
INSERT INTO Takeaway (OrarioRitiro) VALUES
('12:00:00'),
('12:30:00'),
('13:00:00'),
('13:30:00'),
('14:00:00'),
('14:30:00'),
('15:00:00'),
('15:30:00'),
('16:00:00'),
('16:30:00'),
('17:00:00'),
('17:30:00'),
('18:00:00'),
('18:30:00'),
('19:00:00'),
('19:30:00'),
('20:00:00'),
('20:30:00'),
('21:00:00'),
('21:30:00');

-- Popola la tabella Ordine
INSERT INTO Ordine (DataOrdine, TipoOrdine) VALUES
('2024-06-01', 'Delivery'),
('2024-06-02', 'Takeaway'),
('2024-06-03', 'Delivery'),
('2024-06-04', 'Takeaway'),
('2024-06-05', 'Delivery'),
('2024-06-06', 'Takeaway'),
('2024-06-07', 'Delivery'),
('2024-06-08', 'Takeaway'),
('2024-06-09', 'Delivery'),
('2024-06-10', 'Takeaway'),
('2024-06-11', 'Delivery'),
('2024-06-12', 'Takeaway'),
('2024-06-13', 'Delivery'),
('2024-06-14', 'Takeaway'),
('2024-06-15', 'Delivery'),
('2024-06-16', 'Takeaway'),
('2024-06-17', 'Delivery'),
('2024-06-18', 'Takeaway'),
('2024-06-19', 'Delivery'),
('2024-06-20', 'Takeaway');

-- Popola la tabella Categoria
INSERT INTO Categoria (Nome, Descrizione) VALUES
('Sushi', 'Piatti a base di sushi'),
('Sashimi', 'Piatti a base di sashimi'),
('Nigiri', 'Piatti a base di nigiri'),
('Maki', 'Piatti a base di maki'),
('Temaki', 'Piatti a base di temaki'),
('Uramaki', 'Piatti a base di uramaki'),
('Hosomaki', 'Piatti a base di hosomaki'),
('Futomaki', 'Piatti a base di futomaki'),
('Gunkan', 'Piatti a base di gunkan'),
('Dessert', 'Dolci giapponesi'),
('Bevande', 'Bevande giapponesi'),
('Antipasti', 'Antipasti giapponesi'),
('Zuppe', 'Zuppe giapponesi'),
('Riso', 'Piatti a base di riso'),
('Tempura', 'Piatti a base di tempura'),
('Yakitori', 'Spiedini di pollo'),
('Donburi', 'Ciotole di riso con vari condimenti'),
('Bento', 'Scatole per pranzo giapponesi'),
('Kaiseki', 'Piatti tradizionali giapponesi'),
('Ramen', 'Zuppe di noodle giapponesi');

-- Popola la tabella ProdottoCatalogo
INSERT INTO ProdottoCatalogo (Nome, Descrizione, Foto, PezziPorzione, Prezzo, CategoriaID) VALUES
('Sushi Misto', 'Assortimento di sushi misto', 'sushi_misto.png', 10, 15.00, 1),
('Sashimi Salmone', 'Fette di salmone crudo', 'sashimi_salmone.png', 8, 12.00, 2),
('Nigiri Tonno', 'Nigiri con tonno', 'nigiri_tonno.png', 6, 10.00, 3),
('Maki Avocado', 'Maki con avocado', 'maki_avocado.png', 8, 8.00, 4),
('Temaki Gambero', 'Temaki con gambero', 'temaki_gambero.jpg', 2, 7.00, 5),
('Uramaki Philadelphia', 'Uramaki con formaggio Philadelphia', 'uramaki_philadelphia.jpg', 8, 9.00, 6),
('Hosomaki Cetriolo', 'Hosomaki con cetriolo', 'hosomaki_cetriolo.jpg', 8, 6.00, 7),
('Futomaki Tonno', 'Futomaki con tonno', 'futomaki_tonno.jpg', 6, 10.00, 8),
('Gunkan Ikura', 'Gunkan con uova di salmone', 'gunkan_ikura.jpg', 4, 14.00, 9),
('Mochi', 'Dolce giapponese a base di riso', 'mochi.jpg', 4, 5.00, 10),
('Tè Verde', 'Bevanda giapponese tradizionale', 'te_verde.jpg', 1, 3.00, 11),
('Edamame', 'Fagioli di soia lessati', 'edamame.jpg', 1, 4.00, 12),
('Zuppa di Miso', 'Zuppa tradizionale di miso', 'zuppa_miso.jpg', 1, 3.00, 13),
('Riso Bianco', 'Riso bianco giapponese', 'riso_bianco.jpg', 1, 2.00, 14),
('Tempura Gamberi', 'Gamberi fritti in pastella', 'tempura_gamberi.jpg', 5, 12.00, 15),
('Yakitori', 'Spiedini di pollo alla griglia', 'yakitori.jpg', 4, 10.00, 16),
('Donburi Manzo', 'Ciotola di riso con manzo', 'donburi_manzo.jpg', 1, 14.00, 17),
('Bento Box', 'Scatola per pranzo giapponese', 'bento_box.jpg', 1, 20.00, 18),
('Kaiseki Cena', 'Cena tradizionale giapponese', 'kaiseki_cena.jpg', 1, 50.00, 19),
('Ramen', 'Zuppa di noodle giapponese', 'ramen.jpg', 1, 10.00, 20);

-- Popola la tabella Tag
INSERT INTO Tag (Nome) VALUES
('Vegetariano'),
('Senza glutine'),
('Piccante'),
('Crudo'),
('Fritto'),
('Classico'),
('Moderno'),
('Fusion'),
('Esotico'),
('Leggero'),
('Proteico'),
('A basso contenuto di grassi'),
('Ricco di sapore'),
('Dolce'),
('Salato'),
('Umami'),
('Acido'),
('Amaro'),
('Fruttato'),
('Speziato');

-- Popola la tabella ProdottoOrdine
INSERT INTO ProdottoOrdine (Nome, Prezzo, Quantita, OrdineID) VALUES
('Sushi Misto', 15.00, 1, 1),
('Sashimi Salmone', 12.00, 2,  1),
('Nigiri Tonno', 10.00, 1,  2),
('Maki Avocado', 8.00, 2,  2),
('Temaki Gambero', 7.00, 1,  3),
('Uramaki Philadelphia', 9.00, 1,  3),
('Hosomaki Cetriolo', 6.00, 3,  4),
('Futomaki Tonno', 10.00, 1,  4),
('Gunkan Ikura', 14.00, 2,  5),
('Mochi', 5.00, 4,  5),
('Tè Verde', 3.00, 1,  6),
('Edamame', 4.00, 1,  6),
('Zuppa di Miso', 3.00, 2,  7),
('Riso Bianco', 2.00, 3, 7),
('Tempura Gamberi', 12.00, 1,  8),
('Yakitori', 10.00, 2,  8),
('Donburi Manzo', 14.00, 1,  9),
('Bento Box', 20.00, 1,  9),
('Kaiseki Cena', 50.00, 1,  10),
('Ramen', 10.00, 1,  10);

-- Popola la tabella CompostoDa
INSERT INTO CompostoDa (OrdineID, ProdottoOrdineID) VALUES
(1, 1),
(1, 2),
(2, 3),
(2, 4),
(3, 5),
(3, 6),
(4, 7),
(4, 8),
(5, 9),
(5, 10),
(6, 11),
(6, 12),
(7, 13),
(7, 14),
(8, 15),
(8, 16),
(9, 17),
(9, 18),
(10, 19),
(10, 20);


-- Popola la tabella Effettua
INSERT INTO Effettua (UtenteID, OrdineID) VALUES
(1, 1),
(2, 2),
(3, 3),
(4, 4),
(5, 5),
(6, 6),
(7, 7),
(8, 8),
(9, 9),
(10, 10),
(11, 11),
(12, 12),
(13, 13),
(14, 14),
(15, 15),
(16, 16),
(17, 17),
(18, 18),
(19, 19),
(20, 20);

-- Popola la tabella Appartiene
INSERT INTO Appartiene (ProdottoCatalogoID, CategoriaID) VALUES
(1, 1),
(2, 2),
(3, 3),
(4, 4),
(5, 5),
(6, 6),
(7, 7),
(8, 8),
(9, 9),
(10, 10),
(11, 11),
(12, 12),
(13, 13),
(14, 14),
(15, 15),
(16, 16),
(17, 17),
(18, 18),
(19, 19),
(20, 20);

-- Popola la tabella PossiedeTag
INSERT INTO PossiedeTag (ProdottoCatalogoID, TagID) VALUES
(1, 1),
(2, 2),
(3, 3),
(4, 4),
(5, 5),
(6, 6),
(7, 7),
(8, 8),
(9, 9),
(10, 10),
(11, 11),
(12, 12),
(13, 13),
(14, 14),
(15, 15),
(16, 16),
(17, 17),
(18, 18),
(19, 19),
(20, 20);
